Cow_ID;Trt_details;Trt;Trt_order;Week;Block;Size;Duration_per_day;Sum_Steps;Experiment
419;Outdoor;Exercise;1;1;6_S2019;60;1;2022;S2019
419;Outdoor;Exercise;1;1;6_S2019;60;1;1946;S2019
419;Outdoor;Exercise;1;1;6_S2019;60;1;1973;S2019
419;Outdoor;Exercise;1;1;6_S2019;60;1;1910;S2019
419;Outdoor;Exercise;1;1;6_S2019;60;1;1470;S2019
419;Outdoor;Exercise;1;2;6_S2019;20;2;1358;S2019
419;Outdoor;Exercise;1;2;6_S2019;20;2;1407;S2019
419;Outdoor;Exercise;1;2;6_S2019;20;2;1191;S2019
419;Outdoor;Exercise;1;2;6_S2019;20;2;1646;S2019
419;Outdoor;Exercise;1;3;6_S2019;20;1;1980;S2019
419;Outdoor;Exercise;1;3;6_S2019;20;1;1608;S2019
419;Outdoor;Exercise;1;4;6_S2019;40;1;1194;S2019
419;Outdoor;Exercise;1;4;6_S2019;40;1;1534;S2019
419;Outdoor;Exercise;1;4;6_S2019;40;1;1301;S2019
419;Outdoor;Exercise;1;4;6_S2019;40;1;1223;S2019
419;Outdoor;Exercise;1;4;6_S2019;40;1;1445;S2019
419;Outdoor;Exercise;1;5;6_S2019;40;2;1826;S2019
419;Outdoor;Exercise;1;5;6_S2019;40;2;1903;S2019
419;Outdoor;Exercise;1;5;6_S2019;40;2;1681;S2019
419;Outdoor;Exercise;1;5;6_S2019;40;2;1508;S2019
419;Outdoor;Exercise;1;6;6_S2019;80;1;1552;S2019
419;Outdoor;Exercise;1;6;6_S2019;80;1;744;S2019
419;Outdoor;Exercise;1;6;6_S2019;80;1;1516;S2019
419;Outdoor;Exercise;1;6;6_S2019;80;1;1470;S2019
419;Outdoor;Exercise;1;7;6_S2019;80;2;1662;S2019
419;Outdoor;Exercise;1;7;6_S2019;80;2;1522;S2019
419;Outdoor;Exercise;1;7;6_S2019;80;2;1496;S2019
419;Outdoor;Exercise;1;7;6_S2019;80;2;1868;S2019
419;Outdoor;Exercise;1;8;6_S2019;60;2;1191;S2019
419;Outdoor;Exercise;1;8;6_S2019;60;2;915;S2019
419;Outdoor;Exercise;1;8;6_S2019;60;2;734;S2019
419;Outdoor;Exercise;1;8;6_S2019;60;2;1532;S2019
5258;Outdoor;Exercise;3;1;7_S2019;60;2;1706;S2019
5258;Outdoor;Exercise;3;2;7_S2019;80;2;1049;S2019
5258;Outdoor;Exercise;3;2;7_S2019;80;2;1866;S2019
5258;Outdoor;Exercise;3;2;7_S2019;80;2;641;S2019
5258;Outdoor;Exercise;3;2;7_S2019;80;2;2471;S2019
5258;Outdoor;Exercise;3;3;7_S2019;80;1;2048;S2019
5258;Outdoor;Exercise;3;3;7_S2019;80;1;2098;S2019
5258;Outdoor;Exercise;3;3;7_S2019;80;1;1769;S2019
5258;Outdoor;Exercise;3;3;7_S2019;80;1;1803;S2019
5258;Outdoor;Exercise;3;3;7_S2019;80;1;2382;S2019
5258;Outdoor;Exercise;3;4;7_S2019;40;2;1421;S2019
5258;Outdoor;Exercise;3;4;7_S2019;40;2;1509;S2019
5258;Outdoor;Exercise;3;4;7_S2019;40;2;1356;S2019
5258;Outdoor;Exercise;3;5;7_S2019;40;1;1613;S2019
5258;Outdoor;Exercise;3;5;7_S2019;40;1;1297;S2019
5258;Outdoor;Exercise;3;5;7_S2019;40;1;1205;S2019
5258;Outdoor;Exercise;3;5;7_S2019;40;1;1089;S2019
5258;Outdoor;Exercise;3;6;7_S2019;20;1;903;S2019
5258;Outdoor;Exercise;3;6;7_S2019;20;1;536;S2019
5258;Outdoor;Exercise;3;6;7_S2019;20;1;2104;S2019
5258;Outdoor;Exercise;3;6;7_S2019;20;1;697;S2019
5258;Outdoor;Exercise;3;7;7_S2019;60;2;1098;S2019
5258;Outdoor;Exercise;3;7;7_S2019;60;2;927;S2019
5258;Outdoor;Exercise;3;7;7_S2019;60;2;1637;S2019
5258;Outdoor;Exercise;3;8;7_S2019;80;1;879;S2019
5258;Outdoor;Exercise;3;8;7_S2019;80;1;744;S2019
5258;Outdoor;Exercise;3;8;7_S2019;80;1;555;S2019
5854;Outdoor;Exercise;4;1;3_S2019;40;2;824;S2019
5854;Outdoor;Exercise;4;1;3_S2019;40;2;845;S2019
5854;Outdoor;Exercise;4;1;3_S2019;40;2;985;S2019
5854;Outdoor;Exercise;4;1;3_S2019;40;2;826;S2019
5854;Outdoor;Exercise;4;1;3_S2019;40;2;749;S2019
5854;Outdoor;Exercise;4;2;3_S2019;80;1;771;S2019
5854;Outdoor;Exercise;4;3;3_S2019;80;2;1301;S2019
5854;Outdoor;Exercise;4;3;3_S2019;80;2;1317;S2019
5854;Outdoor;Exercise;4;3;3_S2019;80;2;1025;S2019
5854;Outdoor;Exercise;4;3;3_S2019;80;2;1266;S2019
5854;Outdoor;Exercise;4;3;3_S2019;80;2;1582;S2019
5854;Outdoor;Exercise;4;4;3_S2019;60;2;1146;S2019
5854;Outdoor;Exercise;4;4;3_S2019;60;2;1205;S2019
5854;Outdoor;Exercise;4;4;3_S2019;60;2;1341;S2019
5854;Outdoor;Exercise;4;4;3_S2019;60;2;1109;S2019
5854;Outdoor;Exercise;4;4;3_S2019;60;2;997;S2019
5854;Outdoor;Exercise;4;5;3_S2019;60;1;1397;S2019
5854;Outdoor;Exercise;4;5;3_S2019;60;1;1252;S2019
5854;Outdoor;Exercise;4;5;3_S2019;60;1;1245;S2019
5854;Outdoor;Exercise;4;5;3_S2019;60;1;864;S2019
5854;Outdoor;Exercise;4;5;3_S2019;60;1;834;S2019
5854;Outdoor;Exercise;4;6;3_S2019;20;2;999;S2019
5854;Outdoor;Exercise;4;6;3_S2019;20;2;912;S2019
5854;Outdoor;Exercise;4;6;3_S2019;20;2;726;S2019
5854;Outdoor;Exercise;4;7;3_S2019;20;1;659;S2019
5854;Outdoor;Exercise;4;7;3_S2019;20;1;590;S2019
5854;Outdoor;Exercise;4;7;3_S2019;20;1;595;S2019
5854;Outdoor;Exercise;4;7;3_S2019;20;1;601;S2019
5854;Outdoor;Exercise;4;7;3_S2019;20;1;769;S2019
5854;Outdoor;Exercise;4;8;3_S2019;40;1;1010;S2019
5854;Outdoor;Exercise;4;8;3_S2019;40;1;909;S2019
5854;Outdoor;Exercise;4;8;3_S2019;40;1;530;S2019
5854;Outdoor;Exercise;4;8;3_S2019;40;1;683;S2019
5854;Outdoor;Exercise;4;8;3_S2019;40;1;619;S2019
5857;Outdoor;Exercise;5;1;5_S2019;40;1;1089;S2019
5857;Outdoor;Exercise;5;1;5_S2019;40;1;1037;S2019
5857;Outdoor;Exercise;5;1;5_S2019;40;1;782;S2019
5857;Outdoor;Exercise;5;2;5_S2019;20;1;809;S2019
5857;Outdoor;Exercise;5;2;5_S2019;20;1;677;S2019
5857;Outdoor;Exercise;5;2;5_S2019;20;1;627;S2019
5857;Outdoor;Exercise;5;3;5_S2019;20;2;1552;S2019
5857;Outdoor;Exercise;5;3;5_S2019;20;2;1488;S2019
5857;Outdoor;Exercise;5;3;5_S2019;20;2;1706;S2019
5857;Outdoor;Exercise;5;3;5_S2019;20;2;1426;S2019
5857;Outdoor;Exercise;5;3;5_S2019;20;2;1595;S2019
5857;Outdoor;Exercise;5;4;5_S2019;60;1;1050;S2019
5857;Outdoor;Exercise;5;4;5_S2019;60;1;1203;S2019
5857;Outdoor;Exercise;5;4;5_S2019;60;1;1140;S2019
5857;Outdoor;Exercise;5;4;5_S2019;60;1;1062;S2019
5857;Outdoor;Exercise;5;4;5_S2019;60;1;1204;S2019
5857;Outdoor;Exercise;5;5;5_S2019;60;2;2212;S2019
5857;Outdoor;Exercise;5;5;5_S2019;60;2;1863;S2019
5857;Outdoor;Exercise;5;5;5_S2019;60;2;1785;S2019
5857;Outdoor;Exercise;5;5;5_S2019;60;2;1333;S2019
5857;Outdoor;Exercise;5;6;5_S2019;60;1;1016;S2019
5857;Outdoor;Exercise;5;6;5_S2019;60;1;746;S2019
5857;Outdoor;Exercise;5;6;5_S2019;60;1;722;S2019
5857;Outdoor;Exercise;5;6;5_S2019;60;1;812;S2019
5857;Outdoor;Exercise;5;7;5_S2019;80;1;1295;S2019
5857;Outdoor;Exercise;5;7;5_S2019;80;1;1097;S2019
5857;Outdoor;Exercise;5;7;5_S2019;80;1;1185;S2019
5857;Outdoor;Exercise;5;7;5_S2019;80;1;1022;S2019
5857;Outdoor;Exercise;5;7;5_S2019;80;1;1062;S2019
5857;Outdoor;Exercise;5;8;5_S2019;40;2;1502;S2019
5857;Outdoor;Exercise;5;8;5_S2019;40;2;1126;S2019
5857;Outdoor;Exercise;5;8;5_S2019;40;2;774;S2019
5857;Outdoor;Exercise;5;8;5_S2019;40;2;1392;S2019
5857;Outdoor;Exercise;5;8;5_S2019;40;2;1477;S2019
5865;Outdoor;Exercise;6;1;4_S2019;80;2;1739;S2019
5865;Outdoor;Exercise;6;1;4_S2019;80;2;1518;S2019
5865;Outdoor;Exercise;6;1;4_S2019;80;2;1393;S2019
5865;Outdoor;Exercise;6;1;4_S2019;80;2;1154;S2019
5865;Outdoor;Exercise;6;2;4_S2019;60;2;919;S2019
5865;Outdoor;Exercise;6;2;4_S2019;60;2;761;S2019
5865;Outdoor;Exercise;6;2;4_S2019;60;2;539;S2019
5865;Outdoor;Exercise;6;2;4_S2019;60;2;1347;S2019
5865;Outdoor;Exercise;6;3;4_S2019;60;1;1289;S2019
5865;Outdoor;Exercise;6;3;4_S2019;60;1;1468;S2019
5865;Outdoor;Exercise;6;3;4_S2019;60;1;1180;S2019
5865;Outdoor;Exercise;6;3;4_S2019;60;1;1139;S2019
5865;Outdoor;Exercise;6;3;4_S2019;60;1;1721;S2019
5865;Outdoor;Exercise;6;4;4_S2019;20;2;1099;S2019
5865;Outdoor;Exercise;6;4;4_S2019;20;2;1151;S2019
5865;Outdoor;Exercise;6;4;4_S2019;20;2;1244;S2019
5865;Outdoor;Exercise;6;4;4_S2019;20;2;1057;S2019
5865;Outdoor;Exercise;6;4;4_S2019;20;2;824;S2019
5865;Outdoor;Exercise;6;5;4_S2019;20;1;1005;S2019
5865;Outdoor;Exercise;6;5;4_S2019;20;1;1008;S2019
5865;Outdoor;Exercise;6;5;4_S2019;20;1;640;S2019
5865;Outdoor;Exercise;6;5;4_S2019;20;1;507;S2019
5865;Outdoor;Exercise;6;5;4_S2019;20;1;832;S2019
5865;Outdoor;Exercise;6;6;4_S2019;40;1;1088;S2019
5865;Outdoor;Exercise;6;6;4_S2019;40;1;546;S2019
5865;Outdoor;Exercise;6;6;4_S2019;40;1;1419;S2019
5865;Outdoor;Exercise;6;6;4_S2019;40;1;869;S2019
5865;Outdoor;Exercise;6;7;4_S2019;40;2;927;S2019
5865;Outdoor;Exercise;6;7;4_S2019;40;2;1014;S2019
5865;Outdoor;Exercise;6;7;4_S2019;40;2;913;S2019
5865;Outdoor;Exercise;6;7;4_S2019;40;2;869;S2019
5865;Outdoor;Exercise;6;7;4_S2019;40;2;1103;S2019
5865;Outdoor;Exercise;6;8;4_S2019;80;2;973;S2019
5865;Outdoor;Exercise;6;8;4_S2019;80;2;932;S2019
5865;Outdoor;Exercise;6;8;4_S2019;80;2;387;S2019
5865;Outdoor;Exercise;6;8;4_S2019;80;2;907;S2019
5865;Outdoor;Exercise;6;8;4_S2019;80;2;1357;S2019
8520;Outdoor;Exercise;7;1;2_S2019;20;1;826;S2019
8520;Outdoor;Exercise;7;1;2_S2019;20;1;743;S2019
8520;Outdoor;Exercise;7;1;2_S2019;20;1;838;S2019
8520;Outdoor;Exercise;7;1;2_S2019;20;1;923;S2019
8520;Outdoor;Exercise;7;2;2_S2019;40;1;1133;S2019
8520;Outdoor;Exercise;7;2;2_S2019;40;1;541;S2019
8520;Outdoor;Exercise;7;2;2_S2019;40;1;936;S2019
8520;Outdoor;Exercise;7;3;2_S2019;40;2;1146;S2019
8520;Outdoor;Exercise;7;3;2_S2019;40;2;1022;S2019
8520;Outdoor;Exercise;7;3;2_S2019;40;2;905;S2019
8520;Outdoor;Exercise;7;3;2_S2019;40;2;1026;S2019
8520;Outdoor;Exercise;7;3;2_S2019;40;2;1600;S2019
8520;Outdoor;Exercise;7;4;2_S2019;80;1;1933;S2019
8520;Outdoor;Exercise;7;4;2_S2019;80;1;1895;S2019
8520;Outdoor;Exercise;7;4;2_S2019;80;1;1552;S2019
8520;Outdoor;Exercise;7;4;2_S2019;80;1;1232;S2019
8520;Outdoor;Exercise;7;5;2_S2019;80;2;1293;S2019
8520;Outdoor;Exercise;7;5;2_S2019;80;2;1039;S2019
8520;Outdoor;Exercise;7;5;2_S2019;80;2;985;S2019
8520;Outdoor;Exercise;7;5;2_S2019;80;2;1175;S2019
8520;Outdoor;Exercise;7;5;2_S2019;80;2;1194;S2019
8520;Outdoor;Exercise;7;6;2_S2019;60;2;1418;S2019
8520;Outdoor;Exercise;7;6;2_S2019;60;2;337;S2019
8520;Outdoor;Exercise;7;6;2_S2019;60;2;1555;S2019
8520;Outdoor;Exercise;7;6;2_S2019;60;2;1080;S2019
8520;Outdoor;Exercise;7;7;2_S2019;60;1;924;S2019
8520;Outdoor;Exercise;7;7;2_S2019;60;1;937;S2019
8520;Outdoor;Exercise;7;7;2_S2019;60;1;1005;S2019
8520;Outdoor;Exercise;7;7;2_S2019;60;1;803;S2019
8520;Outdoor;Exercise;7;7;2_S2019;60;1;831;S2019
8520;Outdoor;Exercise;7;8;2_S2019;20;2;873;S2019
8520;Outdoor;Exercise;7;8;2_S2019;20;2;910;S2019
8520;Outdoor;Exercise;7;8;2_S2019;20;2;484;S2019
8520;Outdoor;Exercise;7;8;2_S2019;20;2;543;S2019
8520;Outdoor;Exercise;7;8;2_S2019;20;2;745;S2019
8536;Outdoor;Exercise;8;1;1_S2019;20;2;1015;S2019
8536;Outdoor;Exercise;8;1;1_S2019;20;2;1435;S2019
8536;Outdoor;Exercise;8;1;1_S2019;20;2;948;S2019
8536;Outdoor;Exercise;8;2;1_S2019;60;1;1609;S2019
8536;Outdoor;Exercise;8;2;1_S2019;60;1;1086;S2019
8536;Outdoor;Exercise;8;2;1_S2019;60;1;777;S2019
8536;Outdoor;Exercise;8;2;1_S2019;60;1;1475;S2019
8536;Outdoor;Exercise;8;3;1_S2019;60;2;1972;S2019
8536;Outdoor;Exercise;8;3;1_S2019;60;2;1768;S2019
8536;Outdoor;Exercise;8;3;1_S2019;60;2;1645;S2019
8536;Outdoor;Exercise;8;3;1_S2019;60;2;1690;S2019
8536;Outdoor;Exercise;8;4;1_S2019;80;2;1533;S2019
8536;Outdoor;Exercise;8;4;1_S2019;80;2;1691;S2019
8536;Outdoor;Exercise;8;4;1_S2019;80;2;1494;S2019
8536;Outdoor;Exercise;8;4;1_S2019;80;2;1553;S2019
8536;Outdoor;Exercise;8;5;1_S2019;80;1;1285;S2019
8536;Outdoor;Exercise;8;5;1_S2019;80;1;1360;S2019
8536;Outdoor;Exercise;8;5;1_S2019;80;1;1109;S2019
8536;Outdoor;Exercise;8;5;1_S2019;80;1;1168;S2019
8536;Outdoor;Exercise;8;5;1_S2019;80;1;1111;S2019
8536;Outdoor;Exercise;8;6;1_S2019;40;2;474;S2019
8536;Outdoor;Exercise;8;6;1_S2019;40;2;1113;S2019
8536;Outdoor;Exercise;8;6;1_S2019;40;2;1185;S2019
8536;Outdoor;Exercise;8;7;1_S2019;40;1;1242;S2019
8536;Outdoor;Exercise;8;7;1_S2019;40;1;1079;S2019
8536;Outdoor;Exercise;8;7;1_S2019;40;1;974;S2019
8536;Outdoor;Exercise;8;7;1_S2019;40;1;1095;S2019
8536;Outdoor;Exercise;8;7;1_S2019;40;1;1358;S2019
8536;Outdoor;Exercise;8;8;1_S2019;20;1;1213;S2019
8536;Outdoor;Exercise;8;8;1_S2019;20;1;1187;S2019
8536;Outdoor;Exercise;8;8;1_S2019;20;1;633;S2019
2062;Stall;No_Exercise;S;1;5_S2019;2.6;1;475;S2019
2062;Stall;No_Exercise;S;1;5_S2019;2.6;1;372;S2019
2062;Stall;No_Exercise;S;1;5_S2019;2.6;1;380;S2019
2062;Stall;No_Exercise;S;1;5_S2019;2.6;1;564;S2019
2062;Stall;No_Exercise;S;1;5_S2019;2.6;1;615;S2019
2062;Stall;No_Exercise;S;2;5_S2019;2.6;1;765;S2019
2062;Stall;No_Exercise;S;2;5_S2019;2.6;1;598;S2019
2062;Stall;No_Exercise;S;2;5_S2019;2.6;1;476;S2019
2062;Stall;No_Exercise;S;2;5_S2019;2.6;1;472;S2019
2062;Stall;No_Exercise;S;3;5_S2019;2.6;1;482;S2019
2062;Stall;No_Exercise;S;3;5_S2019;2.6;1;517;S2019
2062;Stall;No_Exercise;S;3;5_S2019;2.6;1;551;S2019
2062;Stall;No_Exercise;S;3;5_S2019;2.6;1;621;S2019
2062;Stall;No_Exercise;S;3;5_S2019;2.6;1;985;S2019
2062;Stall;No_Exercise;S;4;5_S2019;2.6;1;647;S2019
2062;Stall;No_Exercise;S;4;5_S2019;2.6;1;643;S2019
2062;Stall;No_Exercise;S;4;5_S2019;2.6;1;553;S2019
2062;Stall;No_Exercise;S;4;5_S2019;2.6;1;562;S2019
2062;Stall;No_Exercise;S;4;5_S2019;2.6;1;763;S2019
2062;Stall;No_Exercise;S;5;5_S2019;2.6;1;746;S2019
2062;Stall;No_Exercise;S;5;5_S2019;2.6;1;736;S2019
2062;Stall;No_Exercise;S;5;5_S2019;2.6;1;623;S2019
2062;Stall;No_Exercise;S;5;5_S2019;2.6;1;643;S2019
2062;Stall;No_Exercise;S;5;5_S2019;2.6;1;703;S2019
2062;Stall;No_Exercise;S;6;5_S2019;2.6;1;751;S2019
2062;Stall;No_Exercise;S;6;5_S2019;2.6;1;410;S2019
2062;Stall;No_Exercise;S;6;5_S2019;2.6;1;693;S2019
2062;Stall;No_Exercise;S;6;5_S2019;2.6;1;738;S2019
2062;Stall;No_Exercise;S;7;5_S2019;2.6;1;771;S2019
2062;Stall;No_Exercise;S;7;5_S2019;2.6;1;562;S2019
2062;Stall;No_Exercise;S;7;5_S2019;2.6;1;548;S2019
2062;Stall;No_Exercise;S;7;5_S2019;2.6;1;565;S2019
2062;Stall;No_Exercise;S;7;5_S2019;2.6;1;644;S2019
2062;Stall;No_Exercise;S;8;5_S2019;2.6;1;825;S2019
2062;Stall;No_Exercise;S;8;5_S2019;2.6;1;651;S2019
2062;Stall;No_Exercise;S;8;5_S2019;2.6;1;605;S2019
2062;Stall;No_Exercise;S;8;5_S2019;2.6;1;599;S2019
2062;Stall;No_Exercise;S;8;5_S2019;2.6;1;607;S2019
5313;Stall;No_Exercise;S;1;8_S2019;2.6;1;1095;S2019
5313;Stall;No_Exercise;S;1;8_S2019;2.6;1;1143;S2019
5313;Stall;No_Exercise;S;1;8_S2019;2.6;1;1160;S2019
5313;Stall;No_Exercise;S;1;8_S2019;2.6;1;1326;S2019
5313;Stall;No_Exercise;S;1;8_S2019;2.6;1;1418;S2019
5313;Stall;No_Exercise;S;2;8_S2019;2.6;1;1792;S2019
5313;Stall;No_Exercise;S;2;8_S2019;2.6;1;1155;S2019
5313;Stall;No_Exercise;S;2;8_S2019;2.6;1;1125;S2019
5313;Stall;No_Exercise;S;2;8_S2019;2.6;1;1352;S2019
5313;Stall;No_Exercise;S;3;8_S2019;2.6;1;1085;S2019
5313;Stall;No_Exercise;S;3;8_S2019;2.6;1;1444;S2019
5313;Stall;No_Exercise;S;3;8_S2019;2.6;1;1337;S2019
5313;Stall;No_Exercise;S;3;8_S2019;2.6;1;1330;S2019
5313;Stall;No_Exercise;S;3;8_S2019;2.6;1;1812;S2019
5313;Stall;No_Exercise;S;4;8_S2019;2.6;1;1444;S2019
5313;Stall;No_Exercise;S;4;8_S2019;2.6;1;1950;S2019
5313;Stall;No_Exercise;S;4;8_S2019;2.6;1;1647;S2019
5313;Stall;No_Exercise;S;4;8_S2019;2.6;1;1565;S2019
5313;Stall;No_Exercise;S;4;8_S2019;2.6;1;1430;S2019
5313;Stall;No_Exercise;S;5;8_S2019;2.6;1;1444;S2019
5313;Stall;No_Exercise;S;5;8_S2019;2.6;1;1344;S2019
5313;Stall;No_Exercise;S;5;8_S2019;2.6;1;1032;S2019
5313;Stall;No_Exercise;S;5;8_S2019;2.6;1;1277;S2019
5313;Stall;No_Exercise;S;5;8_S2019;2.6;1;1531;S2019
5313;Stall;No_Exercise;S;6;8_S2019;2.6;1;1552;S2019
5313;Stall;No_Exercise;S;6;8_S2019;2.6;1;1049;S2019
5313;Stall;No_Exercise;S;6;8_S2019;2.6;1;1364;S2019
5313;Stall;No_Exercise;S;6;8_S2019;2.6;1;1428;S2019
5313;Stall;No_Exercise;S;7;8_S2019;2.6;1;1089;S2019
5313;Stall;No_Exercise;S;7;8_S2019;2.6;1;912;S2019
5313;Stall;No_Exercise;S;7;8_S2019;2.6;1;939;S2019
5313;Stall;No_Exercise;S;7;8_S2019;2.6;1;629;S2019
5313;Stall;No_Exercise;S;7;8_S2019;2.6;1;809;S2019
5313;Stall;No_Exercise;S;8;8_S2019;2.6;1;1586;S2019
5313;Stall;No_Exercise;S;8;8_S2019;2.6;1;1213;S2019
5313;Stall;No_Exercise;S;8;8_S2019;2.6;1;1110;S2019
5313;Stall;No_Exercise;S;8;8_S2019;2.6;1;895;S2019
5313;Stall;No_Exercise;S;8;8_S2019;2.6;1;601;S2019
5322;Stall;No_Exercise;S;1;7_S2019;2.6;1;524;S2019
5322;Stall;No_Exercise;S;1;7_S2019;2.6;1;581;S2019
5322;Stall;No_Exercise;S;1;7_S2019;2.6;1;791;S2019
5322;Stall;No_Exercise;S;1;7_S2019;2.6;1;645;S2019
5322;Stall;No_Exercise;S;1;7_S2019;2.6;1;556;S2019
5322;Stall;No_Exercise;S;2;7_S2019;2.6;1;642;S2019
5322;Stall;No_Exercise;S;2;7_S2019;2.6;1;574;S2019
5322;Stall;No_Exercise;S;2;7_S2019;2.6;1;561;S2019
5322;Stall;No_Exercise;S;2;7_S2019;2.6;1;755;S2019
5322;Stall;No_Exercise;S;3;7_S2019;2.6;1;596;S2019
5322;Stall;No_Exercise;S;3;7_S2019;2.6;1;898;S2019
5322;Stall;No_Exercise;S;3;7_S2019;2.6;1;953;S2019
5322;Stall;No_Exercise;S;3;7_S2019;2.6;1;619;S2019
5322;Stall;No_Exercise;S;3;7_S2019;2.6;1;775;S2019
5322;Stall;No_Exercise;S;4;7_S2019;2.6;1;659;S2019
5322;Stall;No_Exercise;S;4;7_S2019;2.6;1;646;S2019
5322;Stall;No_Exercise;S;4;7_S2019;2.6;1;618;S2019
5322;Stall;No_Exercise;S;4;7_S2019;2.6;1;576;S2019
5322;Stall;No_Exercise;S;4;7_S2019;2.6;1;492;S2019
5322;Stall;No_Exercise;S;5;7_S2019;2.6;1;637;S2019
5322;Stall;No_Exercise;S;5;7_S2019;2.6;1;712;S2019
5322;Stall;No_Exercise;S;5;7_S2019;2.6;1;566;S2019
5322;Stall;No_Exercise;S;5;7_S2019;2.6;1;534;S2019
5322;Stall;No_Exercise;S;5;7_S2019;2.6;1;537;S2019
5322;Stall;No_Exercise;S;6;7_S2019;2.6;1;681;S2019
5322;Stall;No_Exercise;S;6;7_S2019;2.6;1;707;S2019
5322;Stall;No_Exercise;S;6;7_S2019;2.6;1;632;S2019
5322;Stall;No_Exercise;S;6;7_S2019;2.6;1;802;S2019
5322;Stall;No_Exercise;S;7;7_S2019;2.6;1;1144;S2019
5322;Stall;No_Exercise;S;7;7_S2019;2.6;1;1283;S2019
5322;Stall;No_Exercise;S;7;7_S2019;2.6;1;1070;S2019
5322;Stall;No_Exercise;S;7;7_S2019;2.6;1;1130;S2019
5322;Stall;No_Exercise;S;7;7_S2019;2.6;1;1298;S2019
5322;Stall;No_Exercise;S;8;7_S2019;2.6;1;1129;S2019
5322;Stall;No_Exercise;S;8;7_S2019;2.6;1;942;S2019
5322;Stall;No_Exercise;S;8;7_S2019;2.6;1;919;S2019
5330;Stall;No_Exercise;S;1;6_S2019;2.6;1;357;S2019
5330;Stall;No_Exercise;S;1;6_S2019;2.6;1;422;S2019
5330;Stall;No_Exercise;S;1;6_S2019;2.6;1;352;S2019
5330;Stall;No_Exercise;S;1;6_S2019;2.6;1;390;S2019
5330;Stall;No_Exercise;S;1;6_S2019;2.6;1;238;S2019
5330;Stall;No_Exercise;S;2;6_S2019;2.6;1;359;S2019
5330;Stall;No_Exercise;S;2;6_S2019;2.6;1;255;S2019
5330;Stall;No_Exercise;S;2;6_S2019;2.6;1;289;S2019
5330;Stall;No_Exercise;S;2;6_S2019;2.6;1;301;S2019
5330;Stall;No_Exercise;S;3;6_S2019;2.6;1;310;S2019
5330;Stall;No_Exercise;S;3;6_S2019;2.6;1;394;S2019
5330;Stall;No_Exercise;S;3;6_S2019;2.6;1;428;S2019
5330;Stall;No_Exercise;S;4;6_S2019;2.6;1;222;S2019
5330;Stall;No_Exercise;S;5;6_S2019;2.6;1;276;S2019
5330;Stall;No_Exercise;S;5;6_S2019;2.6;1;317;S2019
5330;Stall;No_Exercise;S;5;6_S2019;2.6;1;261;S2019
5330;Stall;No_Exercise;S;5;6_S2019;2.6;1;312;S2019
5330;Stall;No_Exercise;S;5;6_S2019;2.6;1;342;S2019
5330;Stall;No_Exercise;S;6;6_S2019;2.6;1;169;S2019
5330;Stall;No_Exercise;S;6;6_S2019;2.6;1;145;S2019
5330;Stall;No_Exercise;S;6;6_S2019;2.6;1;285;S2019
5330;Stall;No_Exercise;S;6;6_S2019;2.6;1;272;S2019
5330;Stall;No_Exercise;S;7;6_S2019;2.6;1;216;S2019
5330;Stall;No_Exercise;S;7;6_S2019;2.6;1;193;S2019
5330;Stall;No_Exercise;S;7;6_S2019;2.6;1;147;S2019
5330;Stall;No_Exercise;S;7;6_S2019;2.6;1;181;S2019
5330;Stall;No_Exercise;S;7;6_S2019;2.6;1;154;S2019
5330;Stall;No_Exercise;S;8;6_S2019;2.6;1;210;S2019
5330;Stall;No_Exercise;S;8;6_S2019;2.6;1;247;S2019
5330;Stall;No_Exercise;S;8;6_S2019;2.6;1;211;S2019
5330;Stall;No_Exercise;S;8;6_S2019;2.6;1;123;S2019
5330;Stall;No_Exercise;S;8;6_S2019;2.6;1;172;S2019
5862;Stall;No_Exercise;S;1;3_S2019;2.6;1;501;S2019
5862;Stall;No_Exercise;S;1;3_S2019;2.6;1;324;S2019
5862;Stall;No_Exercise;S;1;3_S2019;2.6;1;540;S2019
5862;Stall;No_Exercise;S;1;3_S2019;2.6;1;554;S2019
5862;Stall;No_Exercise;S;1;3_S2019;2.6;1;523;S2019
5862;Stall;No_Exercise;S;2;3_S2019;2.6;1;674;S2019
5862;Stall;No_Exercise;S;2;3_S2019;2.6;1;721;S2019
5862;Stall;No_Exercise;S;2;3_S2019;2.6;1;485;S2019
5862;Stall;No_Exercise;S;2;3_S2019;2.6;1;396;S2019
5862;Stall;No_Exercise;S;3;3_S2019;2.6;1;385;S2019
5862;Stall;No_Exercise;S;3;3_S2019;2.6;1;564;S2019
5862;Stall;No_Exercise;S;3;3_S2019;2.6;1;547;S2019
5862;Stall;No_Exercise;S;3;3_S2019;2.6;1;496;S2019
5862;Stall;No_Exercise;S;3;3_S2019;2.6;1;690;S2019
5862;Stall;No_Exercise;S;4;3_S2019;2.6;1;443;S2019
5862;Stall;No_Exercise;S;4;3_S2019;2.6;1;445;S2019
5862;Stall;No_Exercise;S;4;3_S2019;2.6;1;536;S2019
5862;Stall;No_Exercise;S;4;3_S2019;2.6;1;754;S2019
5862;Stall;No_Exercise;S;4;3_S2019;2.6;1;807;S2019
5862;Stall;No_Exercise;S;5;3_S2019;2.6;1;792;S2019
5862;Stall;No_Exercise;S;5;3_S2019;2.6;1;734;S2019
5862;Stall;No_Exercise;S;5;3_S2019;2.6;1;651;S2019
5862;Stall;No_Exercise;S;5;3_S2019;2.6;1;626;S2019
5862;Stall;No_Exercise;S;5;3_S2019;2.6;1;666;S2019
5862;Stall;No_Exercise;S;6;3_S2019;2.6;1;639;S2019
5862;Stall;No_Exercise;S;6;3_S2019;2.6;1;340;S2019
5862;Stall;No_Exercise;S;6;3_S2019;2.6;1;506;S2019
5862;Stall;No_Exercise;S;6;3_S2019;2.6;1;480;S2019
5862;Stall;No_Exercise;S;7;3_S2019;2.6;1;405;S2019
5862;Stall;No_Exercise;S;7;3_S2019;2.6;1;442;S2019
5862;Stall;No_Exercise;S;7;3_S2019;2.6;1;310;S2019
5862;Stall;No_Exercise;S;7;3_S2019;2.6;1;306;S2019
5862;Stall;No_Exercise;S;7;3_S2019;2.6;1;432;S2019
5862;Stall;No_Exercise;S;8;3_S2019;2.6;1;389;S2019
5862;Stall;No_Exercise;S;8;3_S2019;2.6;1;290;S2019
5862;Stall;No_Exercise;S;8;3_S2019;2.6;1;335;S2019
5862;Stall;No_Exercise;S;8;3_S2019;2.6;1;439;S2019
5862;Stall;No_Exercise;S;8;3_S2019;2.6;1;416;S2019
5871;Stall;No_Exercise;S;1;4_S2019;2.6;1;557;S2019
5871;Stall;No_Exercise;S;1;4_S2019;2.6;1;592;S2019
5871;Stall;No_Exercise;S;1;4_S2019;2.6;1;630;S2019
5871;Stall;No_Exercise;S;1;4_S2019;2.6;1;763;S2019
5871;Stall;No_Exercise;S;2;4_S2019;2.6;1;590;S2019
5871;Stall;No_Exercise;S;2;4_S2019;2.6;1;666;S2019
5871;Stall;No_Exercise;S;2;4_S2019;2.6;1;546;S2019
5871;Stall;No_Exercise;S;2;4_S2019;2.6;1;489;S2019
5871;Stall;No_Exercise;S;3;4_S2019;2.6;1;401;S2019
5871;Stall;No_Exercise;S;3;4_S2019;2.6;1;545;S2019
5871;Stall;No_Exercise;S;3;4_S2019;2.6;1;550;S2019
5871;Stall;No_Exercise;S;3;4_S2019;2.6;1;658;S2019
5871;Stall;No_Exercise;S;4;4_S2019;2.6;1;582;S2019
5871;Stall;No_Exercise;S;4;4_S2019;2.6;1;762;S2019
5871;Stall;No_Exercise;S;4;4_S2019;2.6;1;849;S2019
5871;Stall;No_Exercise;S;4;4_S2019;2.6;1;965;S2019
5871;Stall;No_Exercise;S;4;4_S2019;2.6;1;709;S2019
5871;Stall;No_Exercise;S;5;4_S2019;2.6;1;916;S2019
5871;Stall;No_Exercise;S;5;4_S2019;2.6;1;1180;S2019
5871;Stall;No_Exercise;S;5;4_S2019;2.6;1;1091;S2019
5871;Stall;No_Exercise;S;5;4_S2019;2.6;1;803;S2019
5871;Stall;No_Exercise;S;5;4_S2019;2.6;1;648;S2019
5871;Stall;No_Exercise;S;6;4_S2019;2.6;1;413;S2019
5871;Stall;No_Exercise;S;6;4_S2019;2.6;1;343;S2019
5871;Stall;No_Exercise;S;6;4_S2019;2.6;1;572;S2019
5871;Stall;No_Exercise;S;6;4_S2019;2.6;1;481;S2019
5871;Stall;No_Exercise;S;7;4_S2019;2.6;1;376;S2019
5871;Stall;No_Exercise;S;7;4_S2019;2.6;1;332;S2019
5871;Stall;No_Exercise;S;7;4_S2019;2.6;1;353;S2019
5871;Stall;No_Exercise;S;7;4_S2019;2.6;1;380;S2019
5871;Stall;No_Exercise;S;7;4_S2019;2.6;1;657;S2019
5871;Stall;No_Exercise;S;8;4_S2019;2.6;1;810;S2019
5871;Stall;No_Exercise;S;8;4_S2019;2.6;1;614;S2019
5871;Stall;No_Exercise;S;8;4_S2019;2.6;1;434;S2019
5871;Stall;No_Exercise;S;8;4_S2019;2.6;1;457;S2019
5871;Stall;No_Exercise;S;8;4_S2019;2.6;1;261;S2019
8515;Stall;No_Exercise;S;1;2_S2019;2.6;1;939;S2019
8515;Stall;No_Exercise;S;2;2_S2019;2.6;1;709;S2019
8515;Stall;No_Exercise;S;2;2_S2019;2.6;1;845;S2019
8515;Stall;No_Exercise;S;2;2_S2019;2.6;1;854;S2019
8515;Stall;No_Exercise;S;2;2_S2019;2.6;1;690;S2019
8515;Stall;No_Exercise;S;3;2_S2019;2.6;1;764;S2019
8515;Stall;No_Exercise;S;3;2_S2019;2.6;1;822;S2019
8515;Stall;No_Exercise;S;3;2_S2019;2.6;1;667;S2019
8515;Stall;No_Exercise;S;3;2_S2019;2.6;1;734;S2019
8515;Stall;No_Exercise;S;4;2_S2019;2.6;1;640;S2019
8515;Stall;No_Exercise;S;4;2_S2019;2.6;1;726;S2019
8515;Stall;No_Exercise;S;4;2_S2019;2.6;1;880;S2019
8515;Stall;No_Exercise;S;4;2_S2019;2.6;1;546;S2019
8515;Stall;No_Exercise;S;5;2_S2019;2.6;1;448;S2019
8515;Stall;No_Exercise;S;5;2_S2019;2.6;1;349;S2019
8515;Stall;No_Exercise;S;5;2_S2019;2.6;1;415;S2019
8515;Stall;No_Exercise;S;5;2_S2019;2.6;1;554;S2019
8515;Stall;No_Exercise;S;5;2_S2019;2.6;1;691;S2019
8515;Stall;No_Exercise;S;6;2_S2019;2.6;1;836;S2019
8515;Stall;No_Exercise;S;6;2_S2019;2.6;1;897;S2019
8515;Stall;No_Exercise;S;6;2_S2019;2.6;1;475;S2019
8515;Stall;No_Exercise;S;7;2_S2019;2.6;1;513;S2019
8515;Stall;No_Exercise;S;7;2_S2019;2.6;1;607;S2019
8515;Stall;No_Exercise;S;7;2_S2019;2.6;1;475;S2019
8515;Stall;No_Exercise;S;7;2_S2019;2.6;1;567;S2019
8515;Stall;No_Exercise;S;7;2_S2019;2.6;1;726;S2019
8515;Stall;No_Exercise;S;8;2_S2019;2.6;1;669;S2019
8515;Stall;No_Exercise;S;8;2_S2019;2.6;1;699;S2019
8515;Stall;No_Exercise;S;8;2_S2019;2.6;1;689;S2019
8515;Stall;No_Exercise;S;8;2_S2019;2.6;1;520;S2019
8515;Stall;No_Exercise;S;8;2_S2019;2.6;1;456;S2019
8525;Stall;No_Exercise;S;1;1_S2019;2.6;1;610;S2019
8525;Stall;No_Exercise;S;2;1_S2019;2.6;1;478;S2019
8525;Stall;No_Exercise;S;2;1_S2019;2.6;1;647;S2019
8525;Stall;No_Exercise;S;2;1_S2019;2.6;1;923;S2019
8525;Stall;No_Exercise;S;2;1_S2019;2.6;1;1094;S2019
8525;Stall;No_Exercise;S;3;1_S2019;2.6;1;735;S2019
8525;Stall;No_Exercise;S;3;1_S2019;2.6;1;901;S2019
8525;Stall;No_Exercise;S;3;1_S2019;2.6;1;913;S2019
8525;Stall;No_Exercise;S;3;1_S2019;2.6;1;707;S2019
8525;Stall;No_Exercise;S;3;1_S2019;2.6;1;747;S2019
8525;Stall;No_Exercise;S;4;1_S2019;2.6;1;492;S2019
8525;Stall;No_Exercise;S;4;1_S2019;2.6;1;486;S2019
8525;Stall;No_Exercise;S;4;1_S2019;2.6;1;525;S2019
8525;Stall;No_Exercise;S;4;1_S2019;2.6;1;686;S2019
8525;Stall;No_Exercise;S;4;1_S2019;2.6;1;1045;S2019
8525;Stall;No_Exercise;S;5;1_S2019;2.6;1;594;S2019
8525;Stall;No_Exercise;S;5;1_S2019;2.6;1;688;S2019
8525;Stall;No_Exercise;S;5;1_S2019;2.6;1;631;S2019
8525;Stall;No_Exercise;S;5;1_S2019;2.6;1;603;S2019
8525;Stall;No_Exercise;S;5;1_S2019;2.6;1;501;S2019
8525;Stall;No_Exercise;S;6;1_S2019;2.6;1;409;S2019
8525;Stall;No_Exercise;S;6;1_S2019;2.6;1;715;S2019
8525;Stall;No_Exercise;S;6;1_S2019;2.6;1;674;S2019
8525;Stall;No_Exercise;S;6;1_S2019;2.6;1;416;S2019
8525;Stall;No_Exercise;S;8;1_S2019;2.6;1;564;S2019
8525;Stall;No_Exercise;S;8;1_S2019;2.6;1;513;S2019
8525;Stall;No_Exercise;S;8;1_S2019;2.6;1;439;S2019
